{"cameraMode":{"drawMode":0,"name":"Shaded","section":"Shading Mode"},"sceneLighting":true,"audioPlay":false,"sceneViewState":{"showFog":true,"showMaterialUpdate":false,"showSkybox":true,"showFlares":true,"showImageEffects":true,"showParticleSystems":true},"in2DMode":false,"pivot":{"x":-3.7106823921203615,"y":-25.60923957824707,"z":-1.991088628768921},"rotation":{"x":-0.1741870641708374,"y":0.3342830240726471,"z":-0.06301090866327286,"w":-0.924091100692749},"size":3.603876829147339,"orthographic":false}