{"cameraMode":{"drawMode":0,"name":"Shaded","section":"Shading Mode"},"sceneLighting":false,"audioPlay":false,"sceneViewState":{"showFog":true,"showMaterialUpdate":false,"showSkybox":false,"showFlares":true,"showImageEffects":true,"showParticleSystems":true},"in2DMode":false,"pivot":{"x":1.83042311668396,"y":1.5167344808578492,"z":0.06521463394165039},"rotation":{"x":-0.31524714827537539,"y":0.6845778226852417,"z":-0.45520663261413576,"w":-0.4740943908691406},"size":8.335338592529297,"orthographic":false}